{
  "Melbourne": {
    "SOFT": {
      "quad": 4.94815,
      "linear": -219.049,
      "n_laps": 474
    },
    "HARD": {
      "quad": 2.88341,
      "linear": -191.874,
      "n_laps": 2662
    }
  },
  "Sakhir": {
    "SOFT": {
      "quad": 7.35956,
      "linear": -347.057,
      "n_laps": 2061
    },
    "MEDIUM": {
      "quad": 6.23476,
      "linear": -245.585,
      "n_laps": 1527
    },
    "HARD": {
      "quad": 5.68304,
      "linear": -168.893,
      "n_laps": 2087
    }
  },
  "Shanghai": {
    "SOFT": {
      "quad": -1.62452,
      "linear": 25.721,
      "n_laps": 326
    },
    "MEDIUM": {
      "quad": 10.10505,
      "linear": -310.111,
      "n_laps": 830
    },
    "HARD": {
      "quad": 4.19252,
      "linear": -290.692,
      "n_laps": 1913
    }
  },
  "Imola": {
    "SOFT": {
      "quad": 13.58892,
      "linear": -661.422,
      "n_laps": 171
    },
    "MEDIUM": {
      "quad": 4.60135,
      "linear": -253.726,
      "n_laps": 1248
    },
    "HARD": {
      "quad": 1.50759,
      "linear": -52.537,
      "n_laps": 1363
    }
  },
  "Portim\u00e3o": {
    "SOFT": {
      "quad": 6.81387,
      "linear": -324.646,
      "n_laps": 158
    },
    "MEDIUM": {
      "quad": 3.33559,
      "linear": -239.68,
      "n_laps": 553
    },
    "HARD": {
      "quad": 1.45378,
      "linear": -73.268,
      "n_laps": 416
    }
  },
  "Barcelona": {
    "SOFT": {
      "quad": 14.76011,
      "linear": -439.146,
      "n_laps": 2708
    },
    "MEDIUM": {
      "quad": 8.12168,
      "linear": -270.309,
      "n_laps": 2399
    },
    "HARD": {
      "quad": -0.84143,
      "linear": 57.955,
      "n_laps": 910
    }
  },
  "Monte Carlo": {
    "SOFT": {
      "quad": 5.50825,
      "linear": -265.62,
      "n_laps": 453
    },
    "MEDIUM": {
      "quad": 2.29856,
      "linear": -137.069,
      "n_laps": 228
    },
    "HARD": {
      "quad": 1.17769,
      "linear": -85.462,
      "n_laps": 711
    }
  },
  "Baku": {
    "SOFT": {
      "quad": 86.83647,
      "linear": -1925.854,
      "n_laps": 215
    },
    "MEDIUM": {
      "quad": 8.6987,
      "linear": -452.66,
      "n_laps": 981
    },
    "HARD": {
      "quad": 6.12011,
      "linear": -347.563,
      "n_laps": 3157
    }
  },
  "Le Castellet": {
    "SOFT": {
      "quad": 24.62775,
      "linear": -572.186,
      "n_laps": 19
    },
    "MEDIUM": {
      "quad": 17.79465,
      "linear": -528.183,
      "n_laps": 713
    },
    "HARD": {
      "quad": 6.40471,
      "linear": -255.635,
      "n_laps": 1190
    }
  },
  "Spielberg": {
    "SOFT": {
      "quad": 3.65308,
      "linear": -122.926,
      "n_laps": 271
    }
  },
  "Silverstone": {
    "SOFT": {
      "quad": 18.09962,
      "linear": -573.412,
      "n_laps": 642
    },
    "MEDIUM": {
      "quad": 9.30826,
      "linear": -302.092,
      "n_laps": 1819
    },
    "HARD": {
      "quad": 6.69157,
      "linear": -287.149,
      "n_laps": 851
    }
  },
  "Budapest": {
    "SOFT": {
      "quad": 32.79236,
      "linear": -704.236,
      "n_laps": 464
    },
    "MEDIUM": {
      "quad": 6.0598,
      "linear": -251.006,
      "n_laps": 2525
    },
    "HARD": {
      "quad": 1.2541,
      "linear": -50.717,
      "n_laps": 3105
    }
  },
  "Spa-Francorchamps": {
    "SOFT": {
      "quad": 21.11185,
      "linear": -691.033,
      "n_laps": 533
    },
    "MEDIUM": {
      "quad": 2.03176,
      "linear": -314.882,
      "n_laps": 1673
    }
  },
  "Zandvoort": {
    "SOFT": {
      "quad": 7.199,
      "linear": -314.415,
      "n_laps": 1837
    },
    "MEDIUM": {
      "quad": 3.79396,
      "linear": -163.078,
      "n_laps": 2022
    },
    "HARD": {
      "quad": 1.18413,
      "linear": -67.502,
      "n_laps": 2100
    }
  },
  "Monza": {
    "SOFT": {
      "quad": 21.47979,
      "linear": -433.22,
      "n_laps": 221
    },
    "MEDIUM": {
      "quad": 0.09431,
      "linear": -54.494,
      "n_laps": 1949
    },
    "HARD": {
      "quad": -1.38149,
      "linear": 40.078,
      "n_laps": 2321
    }
  },
  "Sochi": {
    "MEDIUM": {
      "quad": 10.32931,
      "linear": -310.027,
      "n_laps": 337
    },
    "HARD": {
      "quad": 14.36433,
      "linear": -517.419,
      "n_laps": 594
    }
  },
  "Istanbul": {},
  "Austin": {
    "SOFT": {
      "quad": 21.89127,
      "linear": -820.197,
      "n_laps": 481
    },
    "MEDIUM": {
      "quad": 10.53874,
      "linear": -450.427,
      "n_laps": 2215
    },
    "HARD": {
      "quad": 9.01859,
      "linear": -407.278,
      "n_laps": 2197
    }
  },
  "Mexico City": {
    "SOFT": {
      "quad": 7.21702,
      "linear": -227.538,
      "n_laps": 1137
    },
    "MEDIUM": {
      "quad": 3.16341,
      "linear": -138.116,
      "n_laps": 2721
    },
    "HARD": {
      "quad": 0.84017,
      "linear": -48.088,
      "n_laps": 2144
    }
  },
  "S\u00e3o Paulo": {
    "SOFT": {
      "quad": 4.29726,
      "linear": -144.711,
      "n_laps": 1370
    },
    "MEDIUM": {
      "quad": 1.79231,
      "linear": -77.995,
      "n_laps": 2197
    },
    "HARD": {
      "quad": 1.20033,
      "linear": -84.622,
      "n_laps": 771
    }
  },
  "Lusail": {
    "SOFT": {
      "quad": 11.49828,
      "linear": -415.187,
      "n_laps": 315
    },
    "MEDIUM": {
      "quad": 2.60228,
      "linear": -168.68,
      "n_laps": 2048
    },
    "HARD": {
      "quad": 12.81408,
      "linear": -398.281,
      "n_laps": 1300
    }
  },
  "Jeddah": {
    "SOFT": {
      "quad": 54.57607,
      "linear": -1355.821,
      "n_laps": 105
    },
    "MEDIUM": {
      "quad": 3.58579,
      "linear": -239.375,
      "n_laps": 1403
    },
    "HARD": {
      "quad": 3.16526,
      "linear": -217.926,
      "n_laps": 2379
    }
  },
  "Yas Island": {
    "SOFT": {
      "quad": 28.63027,
      "linear": -752.826,
      "n_laps": 229
    },
    "MEDIUM": {
      "quad": 12.61225,
      "linear": -406.67,
      "n_laps": 1713
    },
    "HARD": {
      "quad": 1.2072,
      "linear": -54.855,
      "n_laps": 3287
    }
  },
  "Miami": {
    "SOFT": {
      "quad": 18.89652,
      "linear": -786.843,
      "n_laps": 88
    },
    "MEDIUM": {
      "quad": 10.09477,
      "linear": -412.269,
      "n_laps": 1213
    },
    "HARD": {
      "quad": 5.27414,
      "linear": -306.936,
      "n_laps": 1831
    }
  },
  "Monaco": {
    "SOFT": {
      "quad": 1.89444,
      "linear": -22.338,
      "n_laps": 123
    }
  },
  "Montr\u00e9al": {
    "MEDIUM": {
      "quad": 11.21491,
      "linear": -478.08,
      "n_laps": 1198
    },
    "HARD": {
      "quad": 2.3758,
      "linear": -142.988,
      "n_laps": 2690
    }
  },
  "Marina Bay": {
    "SOFT": {
      "quad": 14.76249,
      "linear": -613.108,
      "n_laps": 462
    },
    "MEDIUM": {
      "quad": 4.29009,
      "linear": -261.123,
      "n_laps": 1656
    },
    "HARD": {
      "quad": 4.14997,
      "linear": -201.301,
      "n_laps": 1569
    }
  },
  "Suzuka": {
    "SOFT": {
      "quad": 6.31147,
      "linear": -369.313,
      "n_laps": 192
    },
    "MEDIUM": {
      "quad": 6.36455,
      "linear": -319.376,
      "n_laps": 958
    },
    "HARD": {
      "quad": 2.43626,
      "linear": -229.879,
      "n_laps": 1495
    }
  },
  "Las Vegas": {
    "SOFT": {
      "quad": 268.68417,
      "linear": -3015.903,
      "n_laps": 17
    },
    "MEDIUM": {
      "quad": 32.06013,
      "linear": -1027.781,
      "n_laps": 690
    },
    "HARD": {
      "quad": 7.15615,
      "linear": -384.452,
      "n_laps": 1868
    }
  },
  "Miami Gardens": {
    "MEDIUM": {
      "quad": 14.86142,
      "linear": -516.038,
      "n_laps": 174
    },
    "HARD": {
      "quad": 6.08146,
      "linear": -269.087,
      "n_laps": 346
    }
  }
}